-- PROPIETARIO
insert into Propietario (Nombre, DUI, Correo, Telefono) values ('Cyndi Beggini', '40523095-9', 'cbeggini0@gmail.com', '+503 7358-8689');
insert into Propietario (Nombre, DUI, Correo, Telefono) values ('Rebeca Schimpke', '11594342-9', 'rschimpke1@yahoo.com', '+503 2949-0347');
insert into Propietario (Nombre, DUI, Correo, Telefono) values ('Fergus Brockman', '54134545-6', 'fbrockman2@yahoo.com', '+503 6811-0815');
insert into Propietario (Nombre, DUI, Correo, Telefono) values ('Chane Fance', '01662461-1', 'cfance3@theguardian.com', '+503 6214-8974');
insert into Propietario (Nombre, DUI, Correo, Telefono) values ('Adel Spencley', '00539425-4', 'aspencley4@gmail.com', '+503 2043-3140');
insert into Propietario (Nombre, DUI, Correo, Telefono) values ('Eve Brace', '20247864-2', 'ebrace5@outlook.com', '+503 2713-8656');
insert into Propietario (Nombre, DUI, Correo, Telefono) values ('Joellen O'' Scallan', '35944599-4', 'jo6@gmail.com', '+503 6102-4353');
insert into Propietario (Nombre, DUI, Correo, Telefono) values ('Chrisy Quarry', '67296481-0', 'cquarry7@gmail.com', '+503 7302-9198');
insert into Propietario (Nombre, DUI, Correo, Telefono) values ('Hazel Gregorace', '44264335-1', 'hgregorace8@gmail.com', '+503 6450-1376');
insert into Propietario (Nombre, DUI, Correo, Telefono) values ('Marylynne Skellion', '61288195-8', 'mskellion9@gmail.com', '+503 2366-9561');
insert into Propietario (Nombre, DUI, Correo, Telefono) values ('Jamil Gundry', '78124078-3', 'jgundrya@yahoo.com', '+503 2002-3804');
insert into Propietario (Nombre, DUI, Correo, Telefono) values ('Randi Vassel', '78702475-6', 'rvasselb@outlook.com', '+503 7012-1328');
insert into Propietario (Nombre, DUI, Correo, Telefono) values ('Rodi Guerrero', '37553552-8', 'rguerreroc@outlook.com', '+503 6750-3958');
insert into Propietario (Nombre, DUI, Correo, Telefono) values ('Kristina Czyz', '41002486-8', 'kczyzd@meetup.com', '+503 7835-8427');
insert into Propietario (Nombre, DUI, Correo, Telefono) values ('Mendie Imesen', '01629395-5', 'mimesene@hotmail.com', '+503 2679-3128');
insert into Propietario (Nombre, DUI, Correo, Telefono) values ('Arie Blodget', '30483529-0', 'ablodgetf@yahoo.com', '+503 2738-0036');
insert into Propietario (Nombre, DUI, Correo, Telefono) values ('Alvan Worg', '36828714-8', 'aworgg@yahoo.com', '+503 7114-8801');
insert into Propietario (Nombre, DUI, Correo, Telefono) values ('Filberto Pendreigh', '16689100-7', 'fpendreighh@yahoo.com', '+503 7628-7624');
insert into Propietario (Nombre, DUI, Correo, Telefono) values ('Isa Penelli', '61429660-7', 'ipenellii@gmail.com', '+503 2533-3407');
insert into Propietario (Nombre, DUI, Correo, Telefono) values ('Constantine Houselee', '82189602-0', 'chouseleej@hotmail.com', '+503 2266-8421');
insert into Propietario (Nombre, DUI, Correo, Telefono) values ('Clementina Stanistrete', '81419463-5', 'cstanistretek@gmail.com', '+503 2084-8968');
insert into Propietario (Nombre, DUI, Correo, Telefono) values ('Kathie McGurn', '37691431-7', 'kmcgurnl@apple.com', '+503 6346-6029');
insert into Propietario (Nombre, DUI, Correo, Telefono) values ('Lana Pelman', '24766055-4', 'lpelmanm@hotmail.com', '+503 2870-6142');
insert into Propietario (Nombre, DUI, Correo, Telefono) values ('Gabriel Veljes', '13818023-5', '00671234@uca.edu.sv', '+503 7402-0943');
insert into Propietario (Nombre, DUI, Correo, Telefono) values ('Eward Houtbie', '30377563-1', 'ehoutbieo@gmail.com', '+503 2026-1432');
insert into Propietario (Nombre, DUI, Correo, Telefono) values ('Ailis Heine', '10488632-9', 'aheinep@yahoo.com', '+503 7524-8432');
insert into Propietario (Nombre, DUI, Correo, Telefono) values ('Darelle Dewberry', '58551291-1', 'ddewberryq@gmail.com', '+503 7312-5655');
insert into Propietario (Nombre, DUI, Correo, Telefono) values ('Tatiana Lathe', '08778416-2', 'tlather@gmail.com', '+503 6465-0067');
insert into Propietario (Nombre, DUI, Correo, Telefono) values ('Rubi Benedikt', '52340336-8', 'rbenedikts@yahoo.com', '+503 6744-1436');
insert into Propietario (Nombre, DUI, Correo, Telefono) values ('Alexa Ellaway', '76130750-2', 'aellawayt@gmail.com', '+503 2006-4321');
--select * from Propietario;


-- VETERINARIO
insert into Veterinario (nombre, correo) values ('Guillermo Scandrite', 'guillermosewjz@gmail.com');
insert into Veterinario (nombre, correo) values ('Britte Shynn', 'britteshyngjiw@gmail.com');
insert into Veterinario (nombre, correo) values ('Ardys Birchill', 'ardysbirchevhv@gmail.com');
insert into Veterinario (nombre, correo) values ('Kevin Manuely', 'kevinmanuenzwq@gmail.com');
insert into Veterinario (nombre, correo) values ('Jemima Sheaf', 'jemimasheavvhe@gmail.com');
insert into Veterinario (nombre, correo) values ('Orelle Scargill', 'orellescarujsf@gmail.com');
insert into Veterinario (nombre, correo) values ('Aili Sute', 'ailisuteadkg@gmail.com');
insert into Veterinario (nombre, correo) values ('Augustin Demeter', 'augustindelsfg@gmail.com');
insert into Veterinario (nombre, correo) values ('Aimee Catchpole', 'aimeecatchzybn@gmail.com');
insert into Veterinario (nombre, correo) values ('Amil Knock', 'amilknocknmnu@gmail.com');
--select * from Veterinario;
--select count(*) from veterinario;


--ESPECIALIDAD
insert into Especialidad (Nombre, Estado) values ('Cardiología', 'Activo');
insert into Especialidad (Nombre, Estado) values ('Dermatología', 'Inactivo');
insert into Especialidad (Nombre, Estado) values ('Oncología', 'Activo');
insert into Especialidad (Nombre, Estado) values ('Neurología', 'Inactivo');
insert into Especialidad (Nombre, Estado) values ('Medicina Interna', 'Inactivo');
insert into Especialidad (Nombre, Estado) values ('Cirugía de Tejidos Blandos', 'Activo');
insert into Especialidad (Nombre, Estado) values ('Ortopedia', 'Inactivo');
insert into Especialidad (Nombre, Estado) values ('Traumatología', 'Activo');
insert into Especialidad (Nombre, Estado) values ('Anestesiología', 'Inactivo');
insert into Especialidad (Nombre, Estado) values ('Oftalmología', 'Activo');
insert into Especialidad (Nombre, Estado) values ('Odontología', 'Activo');
insert into Especialidad (Nombre, Estado) values ('Diagnóstico por imagen', 'Activo');
insert into Especialidad (Nombre, Estado) values ('Medicina de pequeñas especies', 'Activo');
insert into Especialidad (Nombre, Estado) values ('Medicina equina', 'Inactivo');
insert into Especialidad (Nombre, Estado) values ('Medicina de Grandes Especies', 'Inactivo');
insert into Especialidad (Nombre, Estado) values ('Animales exóticos y salvajes', 'Activo');
insert into Especialidad (Nombre, Estado) values ('Patología clínica', 'Inactivo');
insert into Especialidad (Nombre, Estado) values ('Fisioterapia y Rehabilitación', 'Activo');
insert into Especialidad (Nombre, Estado) values ('Nutrición veterinaria', 'Activo');
insert into Especialidad (Nombre, Estado) values ('Urgencias y Cuidados Intensivos', 'Activo');
insert into Especialidad (Nombre, Estado) values ('Reproducción Animal', 'Activo');
-- select * from especialidad;



-- VETERINARIO-ESPECIALIDAD
insert into Veterinario_Especialidad (ID_Veterinario, ID_Especialidad) values (7, 3);
insert into Veterinario_Especialidad (ID_Veterinario, ID_Especialidad) values (3, 19);
insert into Veterinario_Especialidad (ID_Veterinario, ID_Especialidad) values (10, 21);
insert into Veterinario_Especialidad (ID_Veterinario, ID_Especialidad) values (3, 17);
insert into Veterinario_Especialidad (ID_Veterinario, ID_Especialidad) values (3, 14);
insert into Veterinario_Especialidad (ID_Veterinario, ID_Especialidad) values (2, 14);
insert into Veterinario_Especialidad (ID_Veterinario, ID_Especialidad) values (1, 1);
insert into Veterinario_Especialidad (ID_Veterinario, ID_Especialidad) values (4, 1);
insert into Veterinario_Especialidad (ID_Veterinario, ID_Especialidad) values (10, 5);
insert into Veterinario_Especialidad (ID_Veterinario, ID_Especialidad) values (1, 15);
insert into Veterinario_Especialidad (ID_Veterinario, ID_Especialidad) values (3, 3);
insert into Veterinario_Especialidad (ID_Veterinario, ID_Especialidad) values (7, 20);
insert into Veterinario_Especialidad (ID_Veterinario, ID_Especialidad) values (1, 5);
insert into Veterinario_Especialidad (ID_Veterinario, ID_Especialidad) values (5, 19);
insert into Veterinario_Especialidad (ID_Veterinario, ID_Especialidad) values (10, 4);
insert into Veterinario_Especialidad (ID_Veterinario, ID_Especialidad) values (10, 13);
insert into Veterinario_Especialidad (ID_Veterinario, ID_Especialidad) values (10, 19);
insert into Veterinario_Especialidad (ID_Veterinario, ID_Especialidad) values (3, 5);
insert into Veterinario_Especialidad (ID_Veterinario, ID_Especialidad) values (3, 1);
insert into Veterinario_Especialidad (ID_Veterinario, ID_Especialidad) values (7, 9);
insert into Veterinario_Especialidad (ID_Veterinario, ID_Especialidad) values (1, 8);
insert into Veterinario_Especialidad (ID_Veterinario, ID_Especialidad) values (5, 14);
insert into Veterinario_Especialidad (ID_Veterinario, ID_Especialidad) values (5, 16);
-- select * from Veterinario_Especialidad;



--MASCOTA
insert into Mascota (Especie, Nombre, Raza, Fecha_Nacimiento, ID_Propietario) values
('Perro', 'Max', 'Labrador Retriever', '2019-05-14', 1),
('Perro', 'Luna', 'Golden Retriever', '2021-08-02', 2),
('Perro', 'Rocky', 'Pastor Alemán', '2018-11-20', 3),
('Perro', 'Toby', 'Beagle', '2022-01-15', 4),
('Perro', 'Loki', 'Bulldog Francés', '2021-07-25', 5),
('Gato', 'Michi', 'Siamés', '2021-03-12', 23),
('Gato', 'Simba', 'Persa', '2019-12-25', 6),
('Gato', 'Pelusa', 'Mestizo', '2023-02-18', 7),
('Gato', 'Kiara', 'Maine Coon', '2020-06-30', 8),
('Gato', 'Tom', 'British Shorthair', '2018-04-11', 9),
('Conejo', 'Copito', 'Cabeza de León', '2022-05-08', 10),
('Conejo', 'Canela', 'Mini Lop', '2021-10-17', 11),
('Conejo', 'Nube', 'Holandés', '2023-01-05', 2),
('Ave', 'Piolín', 'Canario', '2020-07-19', 12),
('Ave', 'Kiwi', 'Periquito Australiano', '2022-09-21', 13),
('Ave', 'Lolo', 'Cacatúa Ninfa', '2021-12-14', 14),
('Ave', 'Paco', 'Agapornis', '2019-08-03', 15),
('Tortuga', 'Shelly', 'Tortuga de Orejas Rojas', '2017-05-30', 16),
('Tortuga', 'Flash', 'Tortuga Mediterránea', '2016-10-12', 3),
('Hámster', 'Bolita', 'Sirio', '2024-01-09', 17),
('Hámster', 'Chispa', 'Ruso', '2023-06-27', 18),
('Cobaya', 'Manchitas', 'Americana', '2022-11-11', 19),
('Cobaya', 'Coco', 'Peruana', '2021-04-28', 20),
('Pez', 'Nemo', 'Pez Payaso', '2023-07-15', 5),
('Pez', 'Burbuja', 'Goldfish', '2022-08-01', 6),
('Perro', 'Bruno', 'Pug', '2020-02-22', 7),
('Perro', 'Zeus', 'Rottweiler', '2019-09-18', 8),
('Perro', 'Milo', 'Chihuahua', '2023-05-06', 9),
('Gato', 'Loki', 'Mestizo', '2022-04-20', 10),
('Gato', 'Olivia', 'Bengalí', '2021-01-13', 25),
('Conejo', 'Saltín', 'Rex', '2020-12-07', 12),
('Ave', 'Azul', 'Periquito Australiano', '2023-03-29', 13),
('Hámster', 'Pipo', 'Sirio', '2024-02-11', 24),
('Cobaya', 'Trufa', 'Abisinia', '2021-07-24', 15),
('Perro', 'Kira', 'Border Collie', '2018-06-14', 16),
('Gato', 'Mora', 'Angora', '2019-11-05', 17),
('Perro', 'Thor', 'Doberman', '2021-09-09', 22),
('Ave', 'Sunny', 'Canario', '2022-10-30', 19),
('Tortuga', 'Verde', 'Tortuga de Orejas Rojas', '2015-03-17', 20);
--select * from mascota;




--ITEM_FACTURABLE
insert into item_facturable (descripcion, costo) values ('Consulta general', 12);
insert into item_facturable (descripcion, costo) values ('Consulta de emergencia', 20);
insert into item_facturable (descripcion, costo) values ('Vacuna antirrabica', 18);
insert into item_facturable (descripcion, costo) values ('Vacuna triple felina', 27);
insert into item_facturable (descripcion, costo) values ('Desparasitación', 8);
insert into item_facturable (descripcion, costo) values ('Radiografia', 45);
insert into item_facturable (descripcion, costo) values ('Examen de sangre', 30);
insert into item_facturable (descripcion, costo) values ('Hospitalizacion diaria', 80);
insert into item_facturable (descripcion, costo) values ('Certificado medico', 25);
insert into item_facturable (descripcion, costo) values ('Limpieza de oidos', 15);
insert into item_facturable (descripcion, costo) values ('Curacion de heridas', 22);
insert into item_facturable (descripcion, costo) values ('Amoxicilina 250mg', 12);
insert into item_facturable (descripcion, costo) values ('Meloxicam', 18);
insert into item_facturable (descripcion, costo) values ('Prednisolona', 15);
insert into item_facturable (descripcion, costo) values ('Enrofloxacina', 20);
insert into item_facturable (descripcion, costo) values ('Ivermectina', 10);
insert into item_facturable (descripcion, costo) values ('Doxiciclina', 19);
insert into item_facturable (descripcion, costo) values ('Omeprazol', 9);
insert into item_facturable (descripcion, costo) values ('Metronidazol', 14);
insert into item_facturable (descripcion, costo) values ('Tramadol', 16);
insert into item_facturable (descripcion, costo) values ('Vitamina b complejo', 8);
insert into item_facturable (descripcion, costo) values ('Limpieza dental', 15);
insert into item_facturable (descripcion, costo) values ('Extraccion dental', 20);
insert into item_facturable (descripcion, costo) values ('Esterilizacion felina', 160);
insert into item_facturable (descripcion, costo) values ('Esterilizacion canina', 190);
insert into item_facturable (descripcion, costo) values ('Castracion felina', 145);
insert into item_facturable (descripcion, costo) values ('Castracion canina', 170);
insert into item_facturable (descripcion, costo) values ('Cirugia menor', 250);
insert into item_facturable (descripcion, costo) values ('Cirugia ortopedica', 350);
insert into item_facturable (descripcion, costo) values ('Extraccion de tumor', 400);
insert into item_facturable (descripcion, costo) values ('Biopsia', 100);
insert into item_facturable (descripcion, costo) values ('Sutura compleja', 120);
insert into item_facturable (descripcion, costo) values ('Colocacion de yeso', 30);
insert into item_facturable (descripcion, costo) values ('Endoscopia', 220);
insert into item_facturable (descripcion, costo) values ('Oxigenoterapia', 45);
insert into item_facturable (descripcion, costo) values ('Transfusion sanguinea', 80);
--select * from item_facturable;




--PROCEDIMIENTO
insert into Procedimiento (ID_Procedimiento, Riesgo, Tiempo_Estimado) values (1, 'Bajo - Sin riesgo aparente', 20);
insert into Procedimiento (ID_Procedimiento, Riesgo, Tiempo_Estimado) values (2, 'Medio - Depende de la gravedad del paciente', 30);
insert into Procedimiento (ID_Procedimiento, Riesgo, Tiempo_Estimado) values (3, 'Bajo - Reacción alérgica leve posible', 10);
insert into Procedimiento (ID_Procedimiento, Riesgo, Tiempo_Estimado) values (4, 'Bajo - Reacción alérgica leve posible', 10);
insert into Procedimiento (ID_Procedimiento, Riesgo, Tiempo_Estimado) values (5, 'Bajo - Molestia estomacal leve', 5);
insert into Procedimiento (ID_Procedimiento, Riesgo, Tiempo_Estimado) values (6, 'Bajo - Exposición mínima a radiación', 15);
insert into Procedimiento (ID_Procedimiento, Riesgo, Tiempo_Estimado) values (7, 'Bajo - Hematoma leve en zona de punción', 15);
insert into Procedimiento (ID_Procedimiento, Riesgo, Tiempo_Estimado) values (8, 'Medio - Monitoreo constante requerido', 1440);
insert into Procedimiento (ID_Procedimiento, Riesgo, Tiempo_Estimado) values (9, 'Ninguno', 15);
insert into Procedimiento (ID_Procedimiento, Riesgo, Tiempo_Estimado) values (10, 'Bajo - Irritación leve del canal auditivo', 15);
insert into Procedimiento (ID_Procedimiento, Riesgo, Tiempo_Estimado) values (11, 'Bajo - Dolor local o infección secundaria', 20);
insert into Procedimiento (ID_Procedimiento, Riesgo, Tiempo_Estimado) values (22, 'Bajo - Sensibilidad dental temporal', 45);
insert into Procedimiento (ID_Procedimiento, Riesgo, Tiempo_Estimado) values (23, 'Medio - Sangrado o infección post-extracción', 30);
insert into Procedimiento (ID_Procedimiento, Riesgo, Tiempo_Estimado) values (24, 'Medio - Riesgo anestésico estándar', 45);
insert into Procedimiento (ID_Procedimiento, Riesgo, Tiempo_Estimado) values (25, 'Medio - Riesgo anestésico estándar', 60); 
insert into Procedimiento (ID_Procedimiento, Riesgo, Tiempo_Estimado) values (26, 'Medio - Riesgo anestésico estándar', 30);
insert into Procedimiento (ID_Procedimiento, Riesgo, Tiempo_Estimado) values (27, 'Medio - Riesgo anestésico estándar', 40); 
insert into Procedimiento (ID_Procedimiento, Riesgo, Tiempo_Estimado) values (28, 'Medio - Riesgo quirúrgico y anestésico modera', 60);
insert into Procedimiento (ID_Procedimiento, Riesgo, Tiempo_Estimado) values (29, 'Alto - Hemorragia, daño tisular o postoperatorio complejo', 180); 
insert into Procedimiento (ID_Procedimiento, Riesgo, Tiempo_Estimado) values (30, 'Alto - Hemorragia o compromiso de órganos adyacentes', 120);
insert into Procedimiento (ID_Procedimiento, Riesgo, Tiempo_Estimado) values (31, 'Bajo - Infección localizada', 20);
insert into Procedimiento (ID_Procedimiento, Riesgo, Tiempo_Estimado) values (32, 'Bajo - Apertura de puntos por movimiento', 30);
insert into Procedimiento (ID_Procedimiento, Riesgo, Tiempo_Estimado) values (33, 'Bajo - Lesión por presión si queda muy ajustado', 40);
insert into Procedimiento (ID_Procedimiento, Riesgo, Tiempo_Estimado) values (34, 'Medio - Requiere sedación profunda', 45);
insert into Procedimiento (ID_Procedimiento, Riesgo, Tiempo_Estimado) values (35, 'Bajo - Resequedad en vías respiratorias', 60);
insert into Procedimiento (ID_Procedimiento, Riesgo, Tiempo_Estimado) values (36, 'Alto - Reacción hemolítica o shock anafiláctico', 120);
-- select * from procedimiento;





--MEDICAMENTO
insert into Medicamento (ID_Medicamento, Via, Dosis_Recomendada, Precauciones, stock) values (12, 'Oral', '15 mg/kg cada 12 horas', 'No administrar a animales con historial de alergia a la penicilina.', 100);
insert into Medicamento (ID_Medicamento, Via, Dosis_Recomendada, Precauciones, stock) values (13, 'Oral / Subcutánea', '0.2 mg/kg el primer día, luego 0.1 mg/kg', 'Contraindicado en pacientes con úlceras gastrointestinales o deshidratación.', 100);
insert into Medicamento (ID_Medicamento, Via, Dosis_Recomendada, Precauciones, stock) values (14, 'Oral', '1 a 2 mg/kg cada 24 horas', 'No interrumpir el tratamiento abruptamente si ha sido prolongado.', 100);
insert into Medicamento (ID_Medicamento, Via, Dosis_Recomendada, Precauciones, stock) values (15, 'Oral / Inyectable', '5 mg/kg cada 24 horas', 'Evitar en animales jóvenes en fase de crecimiento por riesgo de daño en cartílagos.', 100);
insert into Medicamento (ID_Medicamento, Via, Dosis_Recomendada, Precauciones, stock) values (16, 'Oral / Subcutánea', '0.2 a 0.4 mg/kg dosis única', 'Altamente tóxico en razas tipo Collie, Pastor Australiano y sus cruzas.', 100);
insert into Medicamento (ID_Medicamento, Via, Dosis_Recomendada, Precauciones, stock) values (17, 'Oral', '10 mg/kg cada 24 horas con comida', 'Puede causar esofagitis, administrar siempre acompañada de agua o alimento.', 100);
insert into Medicamento (ID_Medicamento, Via, Dosis_Recomendada, Precauciones, stock) values (18, 'Oral', '0.7 a 1 mg/kg cada 24 horas en ayunas', 'El uso prolongado puede afectar la absorción de ciertos nutrientes.', 100);
insert into Medicamento (ID_Medicamento, Via, Dosis_Recomendada, Precauciones, stock) values (19, 'Oral / Intravenosa', '15 a 25 mg/kg cada 12 horas', 'Puede generar trastornos neurológicos temporales si se exceden las dosis.', 100);
insert into Medicamento (ID_Medicamento, Via, Dosis_Recomendada, Precauciones, stock) values (20, 'Oral / Intramuscular', '2 a 4 mg/kg cada 8 horas', 'Puede provocar sedación profunda, estreñimiento o cambios de conducta leves.', 100);
insert into Medicamento (ID_Medicamento, Via, Dosis_Recomendada, Precauciones, stock) values (21, 'Intramuscular / Subcutánea', '0.5 a 1 ml por cada 10 kg', 'Mantener refrigerado y proteger de la luz solar directa.', 100);
-- select * from Medicamento;




--CITA
insert into Cita (Fecha, Hora, Consultorio, Estado, ID_Mascota, ID_Veterinario) values ('2026-05-10', '08:00:00', 'Consultorio A', 'Completada', 1, 1);
insert into Cita (Fecha, Hora, Consultorio, Estado, ID_Mascota, ID_Veterinario) values ('2026-05-10', '09:00:00', 'Consultorio B', 'Completada', 2, 2);
insert into Cita (Fecha, Hora, Consultorio, Estado, ID_Mascota, ID_Veterinario) values ('2026-05-11', '10:30:00', 'Consultorio A', 'Completada', 3, 3);
insert into Cita (Fecha, Hora, Consultorio, Estado, ID_Mascota, ID_Veterinario) values ('2026-05-11', '11:30:00', 'Consultorio C', 'Completada', 4, 4);
insert into Cita (Fecha, Hora, Consultorio, Estado, ID_Mascota, ID_Veterinario) values ('2026-05-12', '08:30:00', 'Consultorio A', 'Completada', 5, 5);
insert into Cita (Fecha, Hora, Consultorio, Estado, ID_Mascota, ID_Veterinario) values ('2026-05-12', '14:00:00', 'Consultorio B', 'Completada', 6, 6);
insert into Cita (Fecha, Hora, Consultorio, Estado, ID_Mascota, ID_Veterinario) values ('2026-05-13', '09:15:00', 'Consultorio C', 'Completada', 7, 7);
insert into Cita (Fecha, Hora, Consultorio, Estado, ID_Mascota, ID_Veterinario) values ('2026-05-13', '15:00:00', 'Consultorio A', 'Completada', 8, 8);
insert into Cita (Fecha, Hora, Consultorio, Estado, ID_Mascota, ID_Veterinario) values ('2026-05-14', '10:00:00', 'Consultorio B', 'Completada', 9, 9);
insert into Cita (Fecha, Hora, Consultorio, Estado, ID_Mascota, ID_Veterinario) values ('2026-05-14', '16:00:00', 'Consultorio C', 'Completada', 10, 10);
insert into Cita (Fecha, Hora, Consultorio, Estado, ID_Mascota, ID_Veterinario) values ('2026-05-15', '08:00:00', 'Consultorio A', 'Cancelada', 11, 1);
insert into Cita (Fecha, Hora, Consultorio, Estado, ID_Mascota, ID_Veterinario) values ('2026-05-15', '09:30:00', 'Consultorio B', 'Cancelada', 12, 2);
insert into Cita (Fecha, Hora, Consultorio, Estado, ID_Mascota, ID_Veterinario) values ('2026-05-16', '11:00:00', 'Consultorio C', 'Completada', 13, 3);
insert into Cita (Fecha, Hora, Consultorio, Estado, ID_Mascota, ID_Veterinario) values ('2026-05-16', '13:00:00', 'Consultorio A', 'Completada', 14, 4);
insert into Cita (Fecha, Hora, Consultorio, Estado, ID_Mascota, ID_Veterinario) values ('2026-05-17', '15:30:00', 'Consultorio B', 'Completada', 15, 5);
insert into Cita (Fecha, Hora, Consultorio, Estado, ID_Mascota, ID_Veterinario) values ('2026-06-18', '08:30:00', 'Consultorio A', 'Programada', 16, 6);
insert into Cita (Fecha, Hora, Consultorio, Estado, ID_Mascota, ID_Veterinario) values ('2026-06-18', '10:00:00', 'Consultorio C', 'Programada', 17, 7);
insert into Cita (Fecha, Hora, Consultorio, Estado, ID_Mascota, ID_Veterinario) values ('2026-06-19', '09:00:00', 'Consultorio B', 'Programada', 18, 8);
insert into Cita (Fecha, Hora, Consultorio, Estado, ID_Mascota, ID_Veterinario) values ('2026-06-19', '11:30:00', 'Consultorio A', 'Programada', 19, 9);
insert into Cita (Fecha, Hora, Consultorio, Estado, ID_Mascota, ID_Veterinario) values ('2026-06-20', '14:00:00', 'Consultorio C', 'Programada', 20, 10);
insert into Cita (Fecha, Hora, Consultorio, Estado, ID_Mascota, ID_Veterinario) values ('2026-06-20', '15:30:00', 'Consultorio A', 'Programada', 21, 1);
insert into Cita (Fecha, Hora, Consultorio, Estado, ID_Mascota, ID_Veterinario) values ('2026-06-21', '08:00:00', 'Consultorio B', 'Programada', 22, 2);
insert into Cita (Fecha, Hora, Consultorio, Estado, ID_Mascota, ID_Veterinario) values ('2026-06-21', '09:45:00', 'Consultorio C', 'Programada', 23, 3);
insert into Cita (Fecha, Hora, Consultorio, Estado, ID_Mascota, ID_Veterinario) values ('2026-06-22', '11:00:00', 'Consultorio A', 'Programada', 24, 4);
insert into Cita (Fecha, Hora, Consultorio, Estado, ID_Mascota, ID_Veterinario) values ('2026-06-22', '13:30:00', 'Consultorio B', 'Programada', 25, 5);
insert into Cita (Fecha, Hora, Consultorio, Estado, ID_Mascota, ID_Veterinario) values ('2026-06-23', '08:30:00', 'Consultorio C', 'Programada', 26, 6);
insert into Cita (Fecha, Hora, Consultorio, Estado, ID_Mascota, ID_Veterinario) values ('2026-06-23', '10:30:00', 'Consultorio A', 'Programada', 27, 7);
insert into Cita (Fecha, Hora, Consultorio, Estado, ID_Mascota, ID_Veterinario) values ('2026-06-24', '14:30:00', 'Consultorio B', 'Programada', 28, 8);
insert into Cita (Fecha, Hora, Consultorio, Estado, ID_Mascota, ID_Veterinario) values ('2026-06-24', '16:00:00', 'Consultorio C', 'Programada', 29, 9);
insert into Cita (Fecha, Hora, Consultorio, Estado, ID_Mascota, ID_Veterinario) values ('2026-06-25', '09:00:00', 'Consultorio A', 'Programada', 30, 10);
insert into Cita (Fecha, Hora, Consultorio, Estado, ID_Mascota, ID_Veterinario) values ('2026-06-25', '11:00:00', 'Consultorio B', 'Programada', 31, 1);
insert into Cita (Fecha, Hora, Consultorio, Estado, ID_Mascota, ID_Veterinario) values ('2026-06-26', '13:00:00', 'Consultorio C', 'Programada', 32, 2);
insert into Cita (Fecha, Hora, Consultorio, Estado, ID_Mascota, ID_Veterinario) values ('2026-06-26', '15:00:00', 'Consultorio A', 'Programada', 33, 3);
insert into Cita (Fecha, Hora, Consultorio, Estado, ID_Mascota, ID_Veterinario) values ('2026-06-27', '08:00:00', 'Consultorio B', 'Programada', 34, 4);
insert into Cita (Fecha, Hora, Consultorio, Estado, ID_Mascota, ID_Veterinario) values ('2026-06-27', '10:00:00', 'Consultorio C', 'Programada', 35, 5);
insert into Cita (Fecha, Hora, Consultorio, Estado, ID_Mascota, ID_Veterinario) values ('2026-06-28', '11:30:00', 'Consultorio A', 'Programada', 36, 6);
insert into Cita (Fecha, Hora, Consultorio, Estado, ID_Mascota, ID_Veterinario) values ('2026-06-28', '14:00:00', 'Consultorio B', 'Programada', 37, 7);
insert into Cita (Fecha, Hora, Consultorio, Estado, ID_Mascota, ID_Veterinario) values ('2026-06-29', '15:30:00', 'Consultorio C', 'Programada', 38, 8);
insert into Cita (Fecha, Hora, Consultorio, Estado, ID_Mascota, ID_Veterinario) values ('2026-06-30', '09:00:00', 'Consultorio A', 'Programada', 39, 9);
-- select * from cita;




--DIAGNOSTICO
insert into diagnostico (descripcion,id_cita) values ('revision general sin hallazgos relevantes',1);
insert into diagnostico (descripcion,id_cita) values ('dermatitis alergica leve',2);
insert into diagnostico (descripcion,id_cita) values ('otitis externa',3);
insert into diagnostico (descripcion,id_cita) values ('gastroenteritis leve',4);
insert into diagnostico (descripcion,id_cita) values ('parasitosis intestinal',5);
insert into diagnostico (descripcion,id_cita) values ('conjuntivitis bacteriana',6);
insert into diagnostico (descripcion,id_cita) values ('fractura en proceso de recuperacion',7);
insert into diagnostico (descripcion,id_cita) values ('gingivitis moderada',8);
insert into diagnostico (descripcion,id_cita) values ('obesidad grado i',9);
insert into diagnostico (descripcion,id_cita) values ('infeccion respiratoria superior',10);
insert into diagnostico (descripcion,id_cita) values ('deshidratacion leve',13);
insert into diagnostico (descripcion,id_cita) values ('herida superficial en extremidad',14);
insert into diagnostico (descripcion,id_cita) values ('inflamacion articular',15);
insert into diagnostico (descripcion,id_cita) values ('acumulacion de sarro dental',8);
insert into diagnostico (descripcion,id_cita) values ('sobrepeso',9);
insert into diagnostico (descripcion,id_cita) values ('irritacion ocular leve',6);
insert into diagnostico (descripcion,id_cita) values ('dolor muscular',15);
--select * from diagnostico;




--DIAGNOSTICO-PROCEDIMIENTO
insert into diagnostico_procedimiento (id_procedimiento,id_diagnostico) values (10,3);
insert into diagnostico_procedimiento (id_procedimiento,id_diagnostico) values (11,12);
insert into diagnostico_procedimiento (id_procedimiento,id_diagnostico) values (22,8);
insert into diagnostico_procedimiento (id_procedimiento,id_diagnostico) values (22,14);
insert into diagnostico_procedimiento (id_procedimiento,id_diagnostico) values (29,7);
insert into diagnostico_procedimiento (id_procedimiento,id_diagnostico) values (33,7);
insert into diagnostico_procedimiento (id_procedimiento,id_diagnostico) values (34,4);
insert into diagnostico_procedimiento (id_procedimiento,id_diagnostico) values (34,5);
insert into diagnostico_procedimiento (id_procedimiento,id_diagnostico) values (35,10);
insert into diagnostico_procedimiento (id_procedimiento,id_diagnostico) values (35,11);
insert into diagnostico_procedimiento (id_procedimiento,id_diagnostico) values (32,12);
insert into diagnostico_procedimiento (id_procedimiento,id_diagnostico) values (28,12);
insert into diagnostico_procedimiento (id_procedimiento,id_diagnostico) values (29,13);
insert into diagnostico_procedimiento (id_procedimiento,id_diagnostico) values (35,16);
insert into diagnostico_procedimiento (id_procedimiento,id_diagnostico) values (28,17);
select * from diagnostico_procedimiento;




--TRATAMIENTO
insert into tratamiento (frecuencia,dosis,vigencia,descripcion,id_diagnostico,id_medicamento) values ('cada 12 horas','250 mg','2026-07-15','control preventivo tras la consulta',1,12);
insert into tratamiento (frecuencia,dosis,vigencia,descripcion,id_diagnostico,id_medicamento) values ('cada 24 horas','0.1 mg/kg','2026-07-10','reducir la inflamacion cutanea',2,13);
insert into tratamiento (frecuencia,dosis,vigencia,descripcion,id_diagnostico,id_medicamento) values ('cada 12 horas','5 gotas','2026-07-08','tratamiento para la otitis externa',3,15);
insert into tratamiento (frecuencia,dosis,vigencia,descripcion,id_diagnostico,id_medicamento) values ('cada 12 horas','10 mg/kg','2026-07-12','antibiotico para infeccion auditiva',3,12);
insert into tratamiento (frecuencia,dosis,vigencia,descripcion,id_diagnostico,id_medicamento) values ('cada 8 horas','15 mg/kg','2026-07-14','control de gastroenteritis',4,19);
insert into tratamiento (frecuencia,dosis,vigencia,descripcion,id_diagnostico,id_medicamento) values ('dosis unica','0.2 mg/kg','2026-06-20','desparasitacion interna',5,16);
insert into tratamiento (frecuencia,dosis,vigencia,descripcion,id_diagnostico,id_medicamento) values ('cada 12 horas','10 mg/kg','2026-07-16','control de infeccion ocular',6,12);
insert into tratamiento (frecuencia,dosis,vigencia,descripcion,id_diagnostico,id_medicamento) values ('cada 24 horas','2 mg/kg','2026-07-20','analgesico para recuperacion',7,20);
insert into tratamiento (frecuencia,dosis,vigencia,descripcion,id_diagnostico,id_medicamento) values ('cada 24 horas','1 mg/kg','2026-07-18','antiinflamatorio durante recuperacion',7,13);
insert into tratamiento (frecuencia,dosis,vigencia,descripcion,id_diagnostico,id_medicamento) values ('cada 24 horas','10 mg/kg','2026-07-25','tratamiento posterior a limpieza dental',8,12);
insert into tratamiento (frecuencia,dosis,vigencia,descripcion,id_diagnostico,id_medicamento) values ('cada 24 horas','segun dieta','2026-09-01','plan nutricional y control de peso',9,21);
insert into tratamiento (frecuencia,dosis,vigencia,descripcion,id_diagnostico,id_medicamento) values ('cada 12 horas','10 mg/kg','2026-07-15','tratamiento de infeccion respiratoria',10,17);
insert into tratamiento (frecuencia,dosis,vigencia,descripcion,id_diagnostico,id_medicamento) values ('cada 24 horas','20 mg','2026-07-15','protector gastrico durante tratamiento',10,18);
insert into tratamiento (frecuencia,dosis,vigencia,descripcion,id_diagnostico,id_medicamento) values ('cada 8 horas','rehidratacion oral','2026-06-25','recuperacion por deshidratacion',11,21);
insert into tratamiento (frecuencia,dosis,vigencia,descripcion,id_diagnostico,id_medicamento) values ('cada 12 horas','10 mg/kg','2026-07-10','prevencion de infeccion en herida',12,12);
insert into tratamiento (frecuencia,dosis,vigencia,descripcion,id_diagnostico,id_medicamento) values ('cada 24 horas','0.1 mg/kg','2026-07-10','disminuir inflamacion de la herida',12,13);
insert into tratamiento (frecuencia,dosis,vigencia,descripcion,id_diagnostico,id_medicamento) values ('cada 24 horas','1 mg/kg','2026-07-20','control del dolor articular',13,13);
insert into tratamiento (frecuencia,dosis,vigencia,descripcion,id_diagnostico,id_medicamento) values ('cada 12 horas','10 mg/kg','2026-07-18','profilaxis despues de limpieza dental',14,12);
insert into tratamiento (frecuencia,dosis,vigencia,descripcion,id_diagnostico,id_medicamento) values ('cada 24 horas','segun dieta','2026-09-15','control alimenticio para sobrepeso',15,21);
insert into tratamiento (frecuencia,dosis,vigencia,descripcion,id_diagnostico,id_medicamento) values ('cada 12 horas','2 gotas','2026-07-05','tratamiento para irritacion ocular',16,15);
insert into tratamiento (frecuencia,dosis,vigencia,descripcion,id_diagnostico,id_medicamento) values ('cada 12 horas','2 mg/kg','2026-07-12','analgesico para dolor muscular',17,20);
insert into tratamiento (frecuencia,dosis,vigencia,descripcion,id_diagnostico,id_medicamento) values ('cada 24 horas','1 mg/kg','2026-07-12','antiinflamatorio complementario',17,13);
--select * from tratamiento;




--FACTURA
insert into factura (fecha,monto,id_cita,id_propietario) values ('2026-05-10',0,1,1);
insert into factura (fecha,monto,id_cita,id_propietario) values ('2026-05-10',0,2,2);
insert into factura (fecha,monto,id_cita,id_propietario) values ('2026-05-11',0,3,3);
insert into factura (fecha,monto,id_cita,id_propietario) values ('2026-05-11',0,4,4);
insert into factura (fecha,monto,id_cita,id_propietario) values ('2026-05-12',0,5,5);
insert into factura (fecha,monto,id_cita,id_propietario) values ('2026-05-12',0,6,23);
insert into factura (fecha,monto,id_cita,id_propietario) values ('2026-05-13',0,7,6);
insert into factura (fecha,monto,id_cita,id_propietario) values ('2026-05-13',0,8,7);
insert into factura (fecha,monto,id_cita,id_propietario) values ('2026-05-14',0,9,8);
insert into factura (fecha,monto,id_cita,id_propietario) values ('2026-05-14',0,10,9);
insert into factura (fecha,monto,id_cita,id_propietario) values ('2026-05-16',0,13,2);
insert into factura (fecha,monto,id_cita,id_propietario) values ('2026-05-16',0,14,12);
insert into factura (fecha,monto,id_cita,id_propietario) values ('2026-05-17',0,15,13);
--select * from factura;








--DETALLE FACTURA
insert into detalle_factura (precio_unitario,cantidad,num_factura,id_item) values (20,1,1,1);
insert into detalle_factura (precio_unitario,cantidad,num_factura,id_item) values (20,1,2,1);
insert into detalle_factura (precio_unitario,cantidad,num_factura,id_item) values (15,1,2,13);
insert into detalle_factura (precio_unitario,cantidad,num_factura,id_item) values (20,1,3,1);
insert into detalle_factura (precio_unitario,cantidad,num_factura,id_item) values (22,1,10,10);
insert into detalle_factura (precio_unitario,cantidad,num_factura,id_item) values (12,1,3,11);
insert into detalle_factura (precio_unitario,cantidad,num_factura,id_item) values (20,1,4,1);
insert into detalle_factura (precio_unitario,cantidad,num_factura,id_item) values (220,1,4,34);
insert into detalle_factura (precio_unitario,cantidad,num_factura,id_item) values (14,1,4,18);
insert into detalle_factura (precio_unitario,cantidad,num_factura,id_item) values (20,1,5,1);
insert into detalle_factura (precio_unitario,cantidad,num_factura,id_item) values (10,1,5,15);
insert into detalle_factura (precio_unitario,cantidad,num_factura,id_item) values (20,1,6,1);
insert into detalle_factura (precio_unitario,cantidad,num_factura,id_item) values (12,1,6,11);
insert into detalle_factura (precio_unitario,cantidad,num_factura,id_item) values (20,1,7,1);
insert into detalle_factura (precio_unitario,cantidad,num_factura,id_item) values (700,1,7,29);
insert into detalle_factura (precio_unitario,cantidad,num_factura,id_item) values (100,1,7,33);
insert into detalle_factura (precio_unitario,cantidad,num_factura,id_item) values (16,1,7,20);
insert into detalle_factura (precio_unitario,cantidad,num_factura,id_item) values (20,1,8,1);
insert into detalle_factura (precio_unitario,cantidad,num_factura,id_item) values (90,1,8,22);
insert into detalle_factura (precio_unitario,cantidad,num_factura,id_item) values (12,1,8,11);
insert into detalle_factura (precio_unitario,cantidad,num_factura,id_item) values (20,1,9,1);
insert into detalle_factura (precio_unitario,cantidad,num_factura,id_item) values (20,1,10,1);
insert into detalle_factura (precio_unitario,cantidad,num_factura,id_item) values (45,1,10,35);
insert into detalle_factura (precio_unitario,cantidad,num_factura,id_item) values (19,1,10,17);
insert into detalle_factura (precio_unitario,cantidad,num_factura,id_item) values (20,1,11,1);
insert into detalle_factura (precio_unitario,cantidad,num_factura,id_item) values (120,1,11,32);
insert into detalle_factura (precio_unitario,cantidad,num_factura,id_item) values (22,1,11,11);
insert into detalle_factura (precio_unitario,cantidad,num_factura,id_item) values (12,1,11,11);
insert into detalle_factura (precio_unitario,cantidad,num_factura,id_item) values (20,1,12,1);
insert into detalle_factura (precio_unitario,cantidad,num_factura,id_item) values (250,1,12,28);
insert into detalle_factura (precio_unitario,cantidad,num_factura,id_item) values (18,1,12,12);
insert into detalle_factura (precio_unitario,cantidad,num_factura,id_item) values (20,1,13,1);
insert into detalle_factura (precio_unitario,cantidad,num_factura,id_item) values (90,1,13,22);
insert into detalle_factura (precio_unitario,cantidad,num_factura,id_item) values (12,1,13,11);
--select * from detalle_factura;

-- PAGO (Poblacion automática y aleatoria)
insert into Pago (monto, metodo_pago, num_factura)
select 
    monto, 
    -- metodo de pago al azar del array
    (array['Efectivo', 'Transferencia', 'Bitcoin', 'Tarjeta'])[floor(random() * 4 + 1)::int], 
    num_factura 
from Factura 
where monto > 0;
--select * from pago;



--VER QUE LOS MONTOS COINCIDAN EN LAS FACTURAS
--select
--    f.num_factura,
--    f.monto as monto_guardado,
--    coalesce(sum(df.precio_unitario * df.cantidad),0) as monto_calculado
--from factura f
--left join detalle_factura df
--    on f.num_factura = df.num_factura
--group by f.num_factura, f.monto
--having f.monto <> coalesce(sum(df.precio_unitario * df.cantidad),0);



--ACTUALIZAR CIERTAS FACTURAS
update factura set id_propietario = 13
where id_cita = 15;

-- esta de aqui da error, validando el funcionamiento de nuestro trigger validar dueño factura
update factura
set id_propietario = 13
where id_cita = 13;

update factura set id_propietario = 2
where id_cita = 13;

update factura set id_propietario = 12
where id_cita = 14;



--CONFIRMAR Q LOS IDS DE LAS FACTURAS COINCIDAN CON LOS PROPIETARIOS DE LAS MASCOTAS
--select
--    f.num_factura,
--    f.id_cita,
--    c.id_mascota,
--    m.id_propietario as propietario_correcto,
--    f.id_propietario as propietario_en_factura
--from factura f
--join cita c on f.id_cita = c.id_cita
--join mascota m on c.id_mascota = m.id_mascota
--where f.id_propietario <> m.id_propietario;




--REVISAR Q TODOS LOS DIAGNOSTICOS EXISTAN
--select *
--from tratamiento t
--left join diagnostico d
--on t.id_diagnostico = d.id_diagnostico
--where d.id_diagnostico is null;




--REVISAR Q TODOS LOS DIAGNOSTICOS TENGAN PROCEDIMIENTOS VALIDOS
--select *
--from diagnostico_procedimiento dp
--left join procedimiento p
--on dp.id_procedimiento = p.id_procedimiento
--where p.id_procedimiento is null;




--VERIFICAR Q LOS PRECIOS COINCIDAN
--select
--    df.num_factura,
--    df.id_item,
--    df.precio_unitario,
--    i.costo
--from detalle_factura df
--join item_facturable i
--    on df.id_item = i.id_item
--where df.precio_unitario <> i.costo;
--
--select id_item, descripcion, costo
--from item_facturable
--order by id_item;
--
--select id_item, cantidad, precio_unitario, id_detalle    
--from detalle_factura
--order by id_item;

update detalle_factura set precio_unitario = 12 where id_item = 12;
update detalle_factura set precio_unitario = 12 where id_item = 1;
update detalle_factura set precio_unitario = 15 where id_item = 10;
update detalle_factura set precio_unitario = 22 where id_item = 11;
update detalle_factura set precio_unitario = 18 where id_item = 13;
update detalle_factura set precio_unitario = 20 where id_item = 15;
update detalle_factura set precio_unitario = 9 where id_item = 18;
update detalle_factura set precio_unitario = 15 where id_item = 22;
update detalle_factura set precio_unitario = 350 where id_item = 29;
update detalle_factura set precio_unitario = 30 where id_item = 33;


--REVISAR LAS FACTURAS
--select f.num_factura, f.fecha, p.nombre as propietario,m.nombre as mascota,
--    string_agg(i.descripcion || ' (x' || df.cantidad || ', $' || df.precio_unitario || ')', ' | ' order by df.id_detalle) as detalles, f.monto
--from factura f
--join cita c
--    on f.id_cita = c.id_cita
--join mascota m
--    on c.id_mascota = m.id_mascota
--join propietario p
--    on m.id_propietario = p.id_propietario
--join detalle_factura df
--    on f.num_factura = df.num_factura
--join item_facturable i
--    on df.id_item = i.id_item
--group by
--    f.num_factura,
--    f.fecha,
--    p.nombre,
--    m.nombre,
--    f.monto
--order by f.num_factura;